{"cameraMode":{"drawMode":0,"name":"Shaded","section":"Shading Mode"},"sceneLighting":true,"audioPlay":false,"sceneViewState":{"m_AlwaysRefresh":false,"showFog":true,"showSkybox":true,"showFlares":true,"showImageEffects":true,"showParticleSystems":true,"showVisualEffectGraphs":true,"m_FxEnabled":true},"in2DMode":false,"pivot":{"x":1.3943802118301392,"y":4.691770553588867,"z":-6.175887584686279},"rotation":{"x":-0.10773550719022751,"y":0.03220261633396149,"z":-0.0035834822338074447,"w":-0.993695855140686},"size":8.676462173461914,"orthographic":true}